Sender,Amount_SEK,Date,City
Elisabeth Torstensson,5572.57,2025-02-01,Eskilstuna
Åke Lundqvist,10483.73,2025-02-01,Borlänge
Margareta Karlsson-Claesson,14575.49,2025-02-01,Karlstad
Gustav Johansson,1888.82,2025-02-01,Örebro
Ingrid Nyberg Eriksson,6461.8,2025-02-01,Örebro
Axel Englund,9700.7,2025-02-01,Kalmar
Anna Nilsson Andersson,7266.26,2025-02-01,Malmö
Gustaf Ottosson-Lundberg,3306.2,2025-02-01,Umeå
Moa Fredriksson,9143.62,2025-02-01,Trollhättan
Axel Hedström,6922.25,2025-02-01,Borås
Bengt Söderberg,13890.04,2025-02-01,Kristianstad
Martin Eriksson,4522.05,2025-02-01,Karlskrona
Johan Berg-Gustavsson,12720.7,2025-02-01,Lidingö
Susanne Bengtsson,1850.3,2025-02-01,Ängelholm
Nils Granberg,4859.71,2025-02-01,Motala
Therése Andersson,12588.85,2025-02-01,Kristianstad
Lars Karlsson,845.49,2025-02-01,Umeå
Simon Andersson,11784.72,2025-02-01,Göteborg
Hans Nielsen Pedersen,7478.39,2025-02-01,Karlstad
Karin Ström Hedlund,742.19,2025-02-01,Växjö
Lennart Granlund,6600.43,2025-02-01,Eskilstuna
Linus Olsson,2492.05,2025-02-01,Karlskrona
Josefine Ibrahim,3982.9,2025-02-01,Örebro
Ludvig Andersson Rosenqvist,1585.53,2025-02-01,Växjö
Maryam Pettersson-Lundgren,3984.58,2025-02-01,Lund
Christina Lindqvist,2042.25,2025-02-01,Sandviken
Petra Håkansson,5970.19,2025-02-01,Skellefteå
David Nygren,14049.58,2025-02-01,Örnsköldsvik
Viktoria Fransson,5854.26,2025-02-01,Västerås
Maria Söderlund,1984.16,2025-02-01,Alingsås
Greta Ek,874.19,2025-02-01,Stockholm
Clas Börjesson,1470.94,2025-02-01,Lidköping
Anna Söderberg,8786.8,2025-02-01,Karlskoga
Eivor Danielsson,12649.75,2025-02-01,Skellefteå
Frida Karlsson,5647.12,2025-02-01,Lidköping
Per Persson,13734.19,2025-02-01,Lidingö
Karl Ekholm-Eriksson,5868.97,2025-02-01,Alingsås
Ivar Arvidsson Jonsson,3090.54,2025-02-01,Lidingö
Sonja Nilsson,6604.4,2025-02-01,Karlstad
Per Nordström,1023.61,2025-02-01,Linköping
Isabella Sjölund,11131.42,2025-02-01,Västerås
Håkan Abdi,14450.53,2025-02-01,Örnsköldsvik
Vincent Gustafsson,11775.73,2025-02-01,Karlstad
Mohammed Söderberg,14072.72,2025-02-01,Lund
Elton Ahmed,5537.0,2025-02-01,Alingsås
Michael Strandberg,13237.94,2025-02-01,Lund
Markus Thulin-Olsson,13720.41,2025-02-01,Borås
Annika Li Börjesson,8371.9,2025-02-01,Karlskoga
Karolina Månsson-Ahlberg,9553.61,2025-02-01,Luleå
Elisabeth Ahlberg,1439.44,2025-02-01,Skövde
Jennie Johannesson-Brandt,7020.87,2025-02-01,Ängelholm
Hanna Johansson,12883.99,2025-02-01,Borlänge
Sture Andersson,11267.11,2025-02-01,Eskilstuna
Edgar Lind Oskarsson,8472.83,2025-02-01,Örnsköldsvik
Eva Henriksson,1402.87,2025-02-01,Skellefteå
Erik Lindström,9935.3,2025-02-01,Lidköping
Gabriel Karlsson,10841.2,2025-02-01,Skellefteå
Åke Petersson Johansson,7416.7,2025-02-01,Karlskrona
Anders Jansson Nordgren,5499.85,2025-02-01,Alingsås
Elsa Hedberg,13924.44,2025-02-01,Örnsköldsvik
Gillis Kristiansson,11771.1,2025-02-01,Skövde
Samira Adolfsson,1304.73,2025-02-01,Lidingö
Benjamin Andersson,2830.02,2025-02-01,Göteborg
Thomas Johansson,3861.85,2025-02-01,Malmö
Johan Lindfors-Andersson,12830.0,2025-02-01,Stockholm
Helena Li-Olsen,8132.38,2025-02-01,Stockholm
Johan Karlsson,1951.38,2025-02-01,Gävle
Oskar Haglund Strand,10075.82,2025-02-01,Mölndal
Benjamin Andrén,8422.7,2025-02-01,Östersund
Ingrid Svensson,5953.21,2025-02-01,Borås
Linnea Lundin,14180.79,2025-02-01,Motala
Margareta Eriksson,11060.39,2025-02-01,Borlänge
Hannes Ericsson,6439.03,2025-02-01,Västerås
Lova Hansson-Lindberg,9148.28,2025-02-01,Trollhättan
Anna Johansson,9879.32,2025-02-01,Umeå
Jan Pettersson-Persson,3395.76,2025-02-01,Alingsås
Börje Sjöstrand,9615.39,2025-02-01,Sundsvall
Louise Ljung,2915.1,2025-02-01,Halmstad
Birgitta Storm,3141.2,2025-02-01,Borlänge
Mats Melander,8045.44,2025-02-01,Kalmar
Lena Antonsson,14724.31,2025-02-01,Luleå
Pawel Göransson,11222.48,2025-02-01,Halmstad
Anton Sjöberg,8290.0,2025-02-01,Kalmar
Britt-Marie Hansson,6577.7,2025-02-01,Uppsala
Mona Eriksson,5268.4,2025-02-01,Karlstad
Johanna Emanuelsson,7570.9,2025-02-01,Lidköping
Gunilla Oskarsson,10092.29,2025-02-01,Borås
Mathias Jonsson,2560.56,2025-02-01,Kristianstad
David Larsson,2174.67,2025-02-01,Göteborg
Karl Eriksson,11417.27,2025-02-01,Lidköping
Clara Larsson,9539.97,2025-02-01,Luleå
Christer Kristiansson,4026.49,2025-02-01,Motala
Axel Lindh,9889.04,2025-02-01,Örebro
Annika Svensson,6823.32,2025-02-01,Uppsala
Olivia Håkansson,12705.43,2025-02-01,Umeå
Albin Svensson,12954.46,2025-02-01,Umeå
Inger Bengtsson,12173.03,2025-02-01,Nyköping
Jan Persson,1260.88,2025-02-01,Linköping
Christoffer Ohlsson,7892.5,2025-02-01,Sundsvall
Stefan Larsson-Blomqvist,6670.88,2025-02-01,Lidingö
Henrik Lindkvist Gustavsson,1749.39,2025-02-01,Växjö
My Lindberg,4059.44,2025-02-01,Nyköping
Agne Andersson,13221.84,2025-02-01,Nyköping
Love Englund,3923.39,2025-02-01,Uddevalla
Yvonne Bergman,13192.58,2025-02-01,Umeå
Lovisa Ström,12859.53,2025-02-01,Gävle
Inez Pettersson,2047.14,2025-02-01,Alingsås
Mari Nilsson,4697.32,2025-02-01,Södertälje
Albert Widén,4299.97,2025-02-01,Linköping
Simon Dahlberg,13520.03,2025-02-01,Landskrona
Maria Hansson,9458.5,2025-02-01,Örnsköldsvik
Maria Svärd,1526.86,2025-02-01,Varberg
Gun-Britt Stark,14517.48,2025-02-01,Mölndal
Gustav Lindberg,8781.73,2025-02-01,Trelleborg
Ann-Christine Wilhelmsson Bengtsson,11722.1,2025-02-01,Gävle
Jessica Petersen,12652.05,2025-02-01,Karlstad
Signe Gustafsson,3908.64,2025-02-01,Halmstad
Joachim Pettersson Lindgren,8410.56,2025-02-01,Skövde
William Hjelm,14720.16,2025-02-01,Lidingö
Olle Bengtsson,11538.82,2025-02-01,Örnsköldsvik
Anna Nordin,8004.47,2025-02-01,Nyköping
Madeleine Pettersson,4709.11,2025-02-01,Lidköping
Maria Berg Holmgren,7995.82,2025-02-01,Karlstad
Micael Andersson,8279.15,2025-02-01,Gävle
Malin Boman,6136.94,2025-02-01,Trelleborg
Anton Hermansson,10762.0,2025-02-01,Landskrona
Marianne Lindgren Jansson,9852.19,2025-02-01,Falun
Bo Olofsson,7055.53,2025-02-01,Lund
Elna Sjögren,12864.67,2025-02-01,Helsingborg
Adam Eriksson,3817.65,2025-02-01,Kristianstad
Kalevi Gashi,4691.95,2025-02-01,Östersund
Leif Eriksson,3369.23,2025-02-01,Landskrona
Kristina Johansson,1686.72,2025-02-01,Västerås
Johan Hedström,1875.25,2025-02-01,Skövde
Diana Eklund,8442.18,2025-02-01,Halmstad
Monica Gashi,5805.58,2025-02-01,Karlskoga
Sixten Månsson Gustavsson,14203.0,2025-02-01,Umeå
Helena Paulsson-Backlund,8563.55,2025-02-01,Stockholm
Ingrid Olsson,1153.63,2025-02-01,Kalmar
Leif Andersson,14855.24,2025-02-01,Ängelholm
Caroline Jönsson,13190.46,2025-02-01,Karlstad
Peter Skog Lindqvist,2180.94,2025-02-01,Karlskoga
Mohammed Johansson,515.11,2025-02-01,Sundsvall
Karolina Steen,1458.57,2025-02-01,Örnsköldsvik
Signe Olsson,11982.0,2025-02-01,Kalmar
Hans Engström Ottosson,1028.16,2025-02-01,Falun
Jeanette Holm,739.29,2025-02-01,Karlstad
Katarina Carlsson,14445.3,2025-02-01,Piteå
Herman Bengtsson,8341.38,2025-02-01,Trollhättan
Alice Johansson Mårtensson,1291.2,2025-02-01,Linköping
Stig Olsson,2951.44,2025-02-01,Karlskoga
Carina Sjöstrand,5309.2,2025-02-01,Västerås
Edvin Wahlberg,8372.25,2025-02-01,Norrköping
Tage Flink,10483.75,2025-02-01,Trollhättan
Kerstin Torstensson,2691.4,2025-02-01,Falun
Mattias Berglund,14676.64,2025-02-01,Luleå
Kristina Bergström Hagström,9698.69,2025-02-01,Lund
Kjell Broberg-Christensen,1422.34,2025-02-01,Växjö
Anders Ohlsson,14432.99,2025-02-01,Kristianstad
Aina Engström Olsson,4694.46,2025-02-01,Jönköping
Sven Öberg-Magnusson,11142.03,2025-02-01,Falun
Emilia Hjalmarsson-Roth,10514.36,2025-02-01,Sandviken
Mikael Eriksson,8981.89,2025-02-01,Södertälje
Sören Näslund,4179.94,2025-02-01,Skövde
Einar Sjögren,2089.2,2025-02-01,Växjö
Nils Carlson,1198.84,2025-02-01,Karlskoga
Thomas Bergqvist,6173.03,2025-02-01,Jönköping
Signe Lind,2488.11,2025-02-01,Piteå
Charlotta Alexandersson,11649.87,2025-02-01,Eskilstuna
Nils Jonsson,720.12,2025-02-01,Karlskoga
Jakob Kristiansson Karlsson,12294.21,2025-02-01,Mölndal
Maria Engström,5195.86,2025-02-01,Stockholm
Oskar Skoglund,8611.81,2025-02-01,Göteborg
Desirée Löf,2067.56,2025-02-01,Uddevalla
Sara Modig,8761.78,2025-02-01,Alingsås
Louise Ahlqvist Larsson,940.83,2025-02-01,Norrköping
Elisabet Fransson,13467.6,2025-02-01,Helsingborg
Anna Dahlberg,9931.62,2025-02-01,Ängelholm
Mikael Niklasson,8751.65,2025-02-01,Trelleborg
Jessica Lindblad Fransson,8500.01,2025-02-01,Kristianstad
Lucas Johansson-Persson,3799.58,2025-02-01,Örebro
Sune Jafari,10687.9,2025-02-01,Alingsås
Bo Oskarsson,6363.52,2025-02-01,Göteborg
Linus Berntsson,13075.0,2025-02-01,Jönköping
Daniel Brodin,12061.12,2025-02-01,Karlstad
Joseph Bergqvist,10181.16,2025-02-01,Alingsås
Ulla Lindgren,11517.53,2025-02-01,Karlskoga
Karin Sundell,6629.32,2025-02-01,Eskilstuna
Linnéa Björk,11705.9,2025-02-01,Sandviken
Ronja Svensson,7526.92,2025-02-01,Växjö
Gerd Karlsson,12923.7,2025-02-01,Ängelholm
Johan Nilsson,2184.69,2025-02-01,Karlskoga
Anna Johnsson Larsson,2725.9,2025-02-01,Östersund
Gunnar Johansson Björk,5577.94,2025-02-01,Luleå
Matilda Karlsson,7001.16,2025-02-01,Skellefteå
Johanna Jansson,13925.41,2025-02-01,Lund
Gabriel Andersson,1037.75,2025-02-01,Lund
Lily Smith-Johansson,12888.81,2025-02-01,Halmstad
Markus Hansson,13828.37,2025-02-01,Landskrona
Nina Mustafa,1205.68,2025-02-01,Helsingborg
William Lindblom,7057.92,2025-02-01,Västerås
Sten Lundqvist-Eriksson,14101.99,2025-02-01,Luleå
Fredrik Magnusson Backman,6484.61,2025-02-01,Lidköping
Göte Nilsson,9536.09,2025-02-01,Skövde
Laura Lindström Josefsson,8219.23,2025-02-01,Borlänge
Elisabet Pettersson,14564.72,2025-02-01,Skellefteå
Karl Berglund,3557.37,2025-02-01,Falun
Ingrid Granlund,14221.43,2025-02-01,Uddevalla
Siv Jansson-Ali,4257.42,2025-02-01,Växjö
Elisabet Lindfors,14062.47,2025-02-01,Ängelholm
Anders Mohammadi,9927.97,2025-02-01,Motala
Lennart Olsson,3207.89,2025-02-01,Varberg
Leo Fredriksson,7034.6,2025-02-01,Lidköping
Alexander Söderberg,8209.66,2025-02-01,Västerås
Maria Eklund-Nordberg,6280.12,2025-02-01,Västerås
Kerstin Ljungberg Nordgren,12403.69,2025-02-01,Sundsvall
Anette Nguyen,7372.74,2025-02-01,Halmstad
Charlie Sjöberg-Khan,9111.45,2025-02-01,Trelleborg
Arne Andersson,3768.26,2025-02-01,Stockholm
Johan Persson-Öberg,12489.34,2025-02-01,Lidköping
Vilma Larsson,5309.0,2025-02-01,Uddevalla
Christer Dahlström,6930.1,2025-02-01,Borlänge
Karin Karlsson,10431.02,2025-02-01,Lidingö
Elisabeth Svensson,14915.24,2025-02-01,Karlskoga
Ulla Kvist,7983.3,2025-02-01,Landskrona
Hannes Larsson,5230.3,2025-02-01,Södertälje
Valentin Rydberg,5339.25,2025-02-01,Karlskrona
Joakim Thor,1143.35,2025-02-01,Trelleborg
Per Norén,11959.92,2025-02-01,Nyköping
Marianne Engström,2448.86,2025-02-01,Uddevalla
Sarah Zhang,12811.87,2025-02-01,Skellefteå
Monica Johannesson Olsson,11747.66,2025-02-01,Piteå
Elin Olsson,6195.1,2025-02-01,Jönköping
Markus Gustafsson,8448.24,2025-02-01,Östersund
Lovisa Norlin,12190.24,2025-02-01,Skellefteå
Vilhelm Larsson-Hammar,8988.13,2025-02-01,Västerås
Ella Rask Ahmed,2619.94,2025-02-01,Växjö
Maria Larsson,1964.33,2025-02-01,Mölndal
Ludvig Bergman Ståhl,5852.27,2025-02-01,Luleå
Johannes Eklund,9232.57,2025-02-01,Lidköping
Alexandra Hermansson,13500.4,2025-02-01,Nyköping
Johan Gustafsson,2066.82,2025-02-01,Trelleborg
Elsie Håkansson,13801.53,2025-02-01,Mölndal
Vilgot Olsson,8452.02,2025-02-01,Luleå
Irma Ek,12664.71,2025-02-01,Kristianstad
Maj Håkansson,13980.76,2025-02-01,Alingsås
Erik Andersson,2636.07,2025-02-01,Östersund
Matilda Sjöstedt,7452.1,2025-02-01,Trollhättan
Helga Hultgren,11799.32,2025-02-01,Piteå
William Ahmad-Nordlund,1417.08,2025-02-01,Mölndal
Catarina Dahlström,13797.74,2025-02-01,Södertälje
Claes Sjöstrand,13573.36,2025-02-01,Malmö
Elna Dahl,6722.5,2025-02-01,Kristianstad
Anne Hägglund,3984.98,2025-02-01,Trelleborg
Alice Bergström-Larsson,6292.91,2025-02-01,Södertälje
Hjördis Håkansson,9053.65,2025-02-01,Norrköping
Therese Olsson Berggren,14637.62,2025-02-01,Örebro
Åke Andersson,9354.71,2025-02-01,Halmstad
Johan Westin,13217.73,2025-02-01,Mölndal
Nils Jansson,12733.79,2025-02-01,Halmstad
Jonathan Jafari,6676.81,2025-02-01,Göteborg
Carina Sandström-Andersson,1934.06,2025-02-01,Motala
Anton Ali,7707.28,2025-02-01,Umeå
Thea Larsson,2951.02,2025-02-01,Kalmar
Astrid Hansen,7959.26,2025-02-01,Kalmar
Martin Karlsson,13626.61,2025-02-01,Linköping
Lennart Olsson,7592.3,2025-02-01,Trelleborg
Carl Jonsson,5200.75,2025-02-01,Uddevalla
Tore Lantz,4122.05,2025-02-01,Västerås
Peter Johansson,2222.51,2025-02-01,Falun
Kerstin Holmström,9095.18,2025-02-01,Lidingö
Lars Bergkvist,1332.34,2025-02-01,Norrköping
Frank Nygren,12850.51,2025-02-01,Halmstad
Solveig Holmgren,1392.13,2025-02-01,Västerås
Roger Kvist,7016.62,2025-02-01,Luleå
Julie Hedlund,13700.85,2025-02-01,Halmstad
Jenny Salomonsson,2915.59,2025-02-01,Lidingö
Tapio Svensson,8365.54,2025-02-01,Trollhättan
Marie Björklund,14404.43,2025-02-01,Uddevalla
Roger Ljung Lindqvist,595.38,2025-02-01,Örebro
Elisabeth Davidsson,10825.73,2025-02-01,Linköping
Roger Olofsson,10528.35,2025-02-01,Göteborg
Lars Edlund,8319.81,2025-02-01,Norrköping
Sofia Persson,14533.99,2025-02-01,Lidköping
Emmy Hansson-Nilsson,11497.27,2025-02-01,Borås
Robin Andersson,1014.05,2025-02-01,Uppsala
Alma Nilsson,10428.17,2025-02-01,Uddevalla
Karin Claesson,5572.41,2025-02-01,Östersund
Carl Bäckström,3490.15,2025-02-01,Trelleborg
Hugo Andersson Karlsson,3562.06,2025-02-01,Gävle
Mikael Johansson,13028.5,2025-02-01,Nyköping
Angelina Andersson-Hansson,11721.08,2025-02-01,Malmö
Gösta Ahlström,14408.59,2025-02-01,Trelleborg
Åsa Dahlgren,14114.16,2025-02-01,Sandviken
Maud Rosenqvist,8817.19,2025-02-01,Karlskoga
Lennart Hultgren,10272.68,2025-02-01,Skövde
Marcus Ahmed Hassan,13703.34,2025-02-01,Nyköping
Emil Samuelsson,2904.69,2025-02-01,Uddevalla
Hans Holmberg,10791.87,2025-02-01,Luleå
Susanne Johansson Dahlqvist,3225.72,2025-02-01,Lidköping
Alma Åberg,13964.61,2025-02-01,Landskrona
Michel Jansson,11862.27,2025-02-01,Trollhättan
Bengt Hussein,8031.83,2025-02-01,Motala
Karl Jonsson,2943.52,2025-02-01,Trollhättan
Eva Lindqvist,3397.88,2025-02-01,Lidingö
Hans Andersson,11676.09,2025-02-01,Borås
Patric Falk,6950.56,2025-02-01,Malmö
Margareta Johansson-Blom,6351.88,2025-02-01,Varberg
Hans Arvidsson,4857.06,2025-02-01,Umeå
Madeleine Andersson Samuelsson,3193.38,2025-02-01,Nyköping
Ingela Roos,14187.02,2025-02-01,Trollhättan
Lillemor Sjöström,3869.05,2025-02-01,Norrköping
Anders Olsson,11588.17,2025-02-01,Luleå
Marie Forslund,7621.29,2025-02-01,Helsingborg
Eva Karlsson-Berg,9342.2,2025-02-01,Eskilstuna
Lucas Karlberg,10518.64,2025-02-01,Gävle
Charlotta Ahlgren,13888.59,2025-02-01,Piteå
Emilia Brink,11687.54,2025-02-01,Motala
Johan Gullberg,14927.5,2025-02-01,Örebro
Felicia Wikström,5426.27,2025-02-01,Umeå
Gustav Ibrahim,8601.85,2025-02-01,Östersund
Thomas Nilsson,9431.15,2025-02-01,Örnsköldsvik
Rose-Marie Nyberg,9343.25,2025-02-01,Kalmar
Karl Andersson,4776.37,2025-02-01,Skellefteå
Christer Högberg Gustafsson,4250.41,2025-02-01,Uppsala
Kenneth Bohlin,12424.3,2025-02-01,Halmstad
Vera Jakobsson,5352.13,2025-02-01,Kalmar
Märta Karlsson,6596.35,2025-02-01,Örebro
Björn Abdi,3380.05,2025-02-01,Södertälje
Molly Ottosson,2675.24,2025-02-01,Sundsvall
Maj-Britt Häggström,721.7,2025-02-01,Sandviken
Charlie Ek,8480.14,2025-02-01,Ängelholm
Jerker Johansson,6961.89,2025-02-01,Uddevalla
Marlene Hedberg,7197.04,2025-02-01,Trollhättan
Johanna Bergström,9670.28,2025-02-01,Halmstad
Leif Larsson,3362.12,2025-02-01,Stockholm
Olov Lindström,13366.44,2025-02-01,Eskilstuna
Maj Bäck-Jansson,1595.39,2025-02-01,Västerås
Mahmoud Linder,12414.87,2025-02-01,Sandviken
Peter Svensson,5895.13,2025-02-01,Örebro
Jessica Eriksson,8344.19,2025-02-01,Lund
Eric Vesterlund Marklund,6676.44,2025-02-01,Uddevalla
Gert Söderman,8605.85,2025-02-01,Eskilstuna
Märta Johansson,7108.27,2025-02-01,Borlänge
Lily Jörgensen,10223.13,2025-02-01,Nyköping
Karl Jansson,12451.83,2025-02-01,Borlänge
Albert Svensson,9250.34,2025-02-01,Kalmar
Erik Tran,5358.33,2025-02-01,Borås
Amelia Ström,1520.78,2025-02-01,Örebro
Harald Bohman-Samuelsson,10513.3,2025-02-01,Borlänge
Erik Sjöstrand,3404.63,2025-02-01,Landskrona
Jonna Andersson,3305.04,2025-02-01,Falun
Marta Lindberg,4267.38,2025-02-01,Södertälje
Irene Hagström,1866.89,2025-02-01,Motala
Lennart Edlund,626.79,2025-02-01,Piteå
Jonas Jönsson,10937.08,2025-02-01,Varberg
Filip Eriksson,11831.45,2025-02-01,Varberg
Elise Hansen,8177.64,2025-02-01,Örnsköldsvik
Alicia Lundström,6918.14,2025-02-01,Trollhättan
Daniel Söderholm Strömberg,4113.31,2025-02-01,Jönköping
Albin Svensson,14561.94,2025-02-01,Uddevalla
Bo Moberg,5091.53,2025-02-01,Borås
Urban Sandberg,3567.92,2025-02-01,Västerås
Olof Pedersen,2937.6,2025-02-01,Södertälje
Pontus Lundgren,10450.9,2025-02-01,Skellefteå
Liam Norberg,1447.35,2025-02-01,Falun
Abdullah Östlund,1012.28,2025-02-01,Skellefteå
Frida Jafari,3496.45,2025-02-01,Jönköping
Bertil Karlsson,3768.01,2025-02-01,Gävle
Lars Johansson,14352.75,2025-02-01,Landskrona
Susanne Arvidsson,606.71,2025-02-01,Nyköping
Linnéa Persson,1104.37,2025-02-01,Kalmar
Nina Davidsson,14502.54,2025-02-01,Skövde
Heléne Lundqvist Molin,9529.13,2025-02-01,Skellefteå
Marcus Hansson,14998.96,2025-02-01,Linköping
Victor Bäckström,14701.28,2025-02-01,Örebro
Ola Larsen,2894.33,2025-02-01,Uddevalla
Birgitta Olsson,8556.61,2025-02-01,Växjö
Susanna Mohamed,4197.06,2025-02-01,Sandviken
Alma Persson,4828.88,2025-02-01,Sundsvall
Jan Kjellberg,10004.39,2025-02-01,Stockholm
Tord Öhman,9723.21,2025-02-01,Lund
Leo Ahmed,12816.38,2025-02-01,Mölndal
Leo Wilhelmsson,12643.65,2025-02-01,Kristianstad
Britt Johansson,3143.28,2025-02-01,Borlänge
Rose-Marie Karlsson,10747.16,2025-02-01,Varberg
Olof Berglund,3686.65,2025-02-01,Kalmar
Jenny Fagerström,2382.07,2025-02-01,Kalmar
Cecilia Olausson,5509.3,2025-02-01,Stockholm
Mauritz Karlsson,1260.03,2025-02-01,Ängelholm
Nicklas Andersson,12406.02,2025-02-01,Jönköping
Anna Holmberg,4876.07,2025-02-01,Lidköping
Wilmer Johansson,14583.3,2025-02-01,Stockholm
Herbert Bergman-Ekström,5568.35,2025-02-01,Lidköping
Daniel Nilsson,4160.6,2025-02-01,Uddevalla
Erik Jansson Nordin,12996.04,2025-02-01,Kristianstad
Margareta Carlsson,11957.83,2025-02-01,Skellefteå
Carola Blomberg,11965.3,2025-02-01,Borlänge
Eva Jörgensen,10397.22,2025-02-01,Lidköping
Josephine Johansson Andersson,11956.28,2025-02-01,Sundsvall
Marianne Andersson,745.72,2025-02-01,Varberg
Nellie Norman,12413.47,2025-02-01,Borås
Maria Henningsson,1633.35,2025-02-01,Nyköping
Benny Boman,7524.51,2025-02-01,Växjö
Ingemar Pettersson-Ekelund,10854.88,2025-02-01,Östersund
Bruno Svensson,5279.33,2025-02-01,Uppsala
Elisabeth Robertsson,14691.2,2025-02-01,Örnsköldsvik
Charlotte Bengtsson-Holmgren,14437.38,2025-02-01,Örnsköldsvik
Birgitta Hallin,13221.41,2025-02-01,Karlskoga
Martin Axelsson,13704.42,2025-02-01,Piteå
Ulla Lindgren,11333.01,2025-02-01,Östersund
Henry Moberg,6921.15,2025-02-01,Karlskoga
Gunnar Nyberg,9304.1,2025-02-01,Umeå
Elias Hansson,4229.75,2025-02-01,Alingsås
Göran Ekman,6980.1,2025-02-01,Kalmar
Josefin Brännström,13848.45,2025-02-01,Sundsvall
Märta Berglund,4792.41,2025-02-01,Jönköping
Maria Berggren,14311.07,2025-02-01,Örnsköldsvik
Anas Wahlström,4088.92,2025-02-01,Lidingö
Katarina Nilsson,4838.3,2025-02-01,Karlstad
Elvira Ali,3511.39,2025-02-01,Kalmar
Evald Tran,6709.6,2025-02-01,Jönköping
Alice Karlsson,14532.67,2025-02-01,Trollhättan
Sixten Lindholm,7085.72,2025-02-01,Varberg
Tyra Olsson,11008.79,2025-02-01,Karlskrona
Linnea Gustafsson,14914.0,2025-02-01,Borlänge
Love Ahmad Sjödin,3932.39,2025-02-01,Luleå
Olof Karlsson,13473.87,2025-02-01,Växjö
Kurt Björklund-Larsson,7195.85,2025-02-01,Östersund
Tommy Andersson,13407.9,2025-02-01,Trelleborg
Michael Lindqvist,10440.45,2025-02-01,Varberg
Johan Ahlin,13804.31,2025-02-01,Piteå
Inga-Lill Hansen,3855.61,2025-02-01,Helsingborg
Karolina Södergren,7465.45,2025-02-01,Uddevalla
Rebecka Jönsson,1046.45,2025-02-01,Lidköping
Ruth Skoglund,14100.76,2025-02-01,Varberg
Camilla Eriksson Andersson,2513.83,2025-02-01,Gävle
Johan Lundquist,13387.15,2025-02-01,Västerås
Sara Kristensson,2273.61,2025-02-01,Kalmar
Tommy Nord,719.78,2025-02-01,Gävle
Therése Nilsson,2353.41,2025-02-01,Uddevalla
Jan Larsson Forsberg,7873.36,2025-02-01,Falun
Max Hermansson,516.69,2025-02-01,Växjö
Kjell Jensen,12686.61,2025-02-01,Uppsala
Julia Rydberg,6702.29,2025-02-01,Umeå
Johanna Lidén-Olsson,6656.41,2025-02-01,Sandviken
Maria Emanuelsson,2318.03,2025-02-01,Borlänge
Daniel Eriksson,8774.49,2025-02-01,Umeå
Åsa Karlsson,3413.92,2025-02-01,Karlstad
Margaretha Östman,13731.47,2025-02-01,Skellefteå
Julia Bengtsson-Gustavsson,13371.19,2025-02-01,Lund
Lennart Hedlund,4073.11,2025-02-01,Göteborg
Lars Nyström Samuelsson,815.76,2025-02-01,Lidingö
Karin Ali Engström,12282.83,2025-02-01,Varberg
Ida Hansen,14910.44,2025-02-01,Linköping
Tord Sjödin,12747.79,2025-02-01,Lidingö
Siv Jonsson,12829.21,2025-02-01,Sandviken
Marianne Malmgren,8036.09,2025-02-01,Skellefteå
Yvonne Norlin,1975.69,2025-02-01,Trelleborg
Maria Andersson Svensson,3241.75,2025-02-01,Luleå
Emanuel Robertsson,2221.51,2025-02-01,Skellefteå
Mikaela Ahmed,1721.17,2025-02-01,Alingsås
Ragnhild Andersson,1389.77,2025-02-01,Halmstad
Maria Höglund,7540.67,2025-02-01,Norrköping
Mona Strömberg,7832.95,2025-02-01,Falun
Karl Johansson,4245.06,2025-02-01,Kalmar
Emma Karlsson,9847.97,2025-02-01,Uppsala
Ali Olausson,8291.95,2025-02-01,Helsingborg
Christina Eriksson,2507.32,2025-02-01,Östersund
Max Ahmed,3047.42,2025-02-01,Halmstad
Birgitta Hanna,8315.13,2025-02-01,Trollhättan
Kristina Lindström,1494.16,2025-02-01,Sandviken
Simon Ljunggren,12199.82,2025-02-01,Alingsås
Peter Bäckström,7092.27,2025-02-01,Karlstad
Elisabeth Berggren,12343.2,2025-02-01,Motala
Erik Engström Lundgren,12456.65,2025-02-01,Skellefteå
Inge Lundberg,1671.74,2025-02-01,Lidingö
Johan Nilsson,1996.4,2025-02-01,Malmö
Sven Persson,1738.65,2025-02-01,Lund
Johan Lindgren,645.32,2025-02-01,Eskilstuna
Kristina Karlsson,14246.76,2025-02-01,Jönköping
Sven Li,12590.82,2025-02-01,Helsingborg
Urban Elofsson,14118.28,2025-02-01,Ängelholm
Paul Jansson-Karlsson,8361.67,2025-02-01,Karlskrona
Karin Andersson,2637.09,2025-02-01,Kalmar
Carl Khan,2556.05,2025-02-01,Östersund
Greta Karlsson Lindfors,13764.1,2025-02-01,Lidköping
Wilhelmina Jansson,12941.06,2025-02-01,Borås
Wilhelm Falk,630.09,2025-02-01,Lidingö
Gun Björklund,3174.99,2025-02-01,Nyköping
Tim Moberg,8991.91,2025-02-01,Kristianstad
Victor Englund,8458.07,2025-02-01,Falun
Claudia Borg,8663.6,2025-02-01,Gävle
Aina Dahlgren,1718.73,2025-02-01,Helsingborg
Lars Andersson,2425.35,2025-02-01,Västerås
André Nilsson,4008.71,2025-02-01,Karlskoga
Erik Lindqvist,12999.35,2025-02-01,Sandviken
Lisa Dahlgren,6235.97,2025-02-01,Lund
Kristina Nyström,6721.54,2025-02-01,Falun
Oscar Omar,4544.69,2025-02-01,Västerås
Mona Abrahamsson,7469.59,2025-02-01,Halmstad
Torsten Olander,10852.62,2025-02-01,Skövde
Victoria Bengtsson Jönsson,9852.22,2025-02-01,Gävle
Camilla Eriksson,2751.76,2025-02-01,Södertälje
Ebbe Söderström-Lundkvist,12020.86,2025-02-01,Luleå
Liv Samuelsson,3993.03,2025-02-01,Eskilstuna
Molly Franzén,11879.58,2025-02-01,Umeå
Henrik Issa,13586.07,2025-02-01,Norrköping
Monika Frisk,13839.23,2025-02-01,Lidköping
Gunnar Jonsson,773.93,2025-02-01,Sundsvall
Lena Lindmark,3953.25,2025-02-01,Luleå
Madeleine Ekdahl-Bertilsson,11798.17,2025-02-01,Kristianstad
Rebecka Olausson,7950.28,2025-02-01,Sandviken
Martina Eriksson,6653.65,2025-02-01,Gävle
Alfons Persson,6127.17,2025-02-01,Borlänge
Mikael Johannesson,13774.15,2025-02-01,Borås
Christian Falk-Löfgren,10014.69,2025-02-01,Skövde
Lena Norrman,9841.76,2025-02-01,Trelleborg
Ella Karlsson,533.84,2025-02-01,Borlänge
Nicole Åslund,14433.36,2025-02-01,Motala
Helena Höglund,11115.34,2025-02-01,Södertälje
Rolf Hägg-Gustafsson,10067.46,2025-02-01,Kristianstad
Ola Persson,3514.07,2025-02-01,Varberg
Inger Paulsson,13527.04,2025-02-01,Växjö
Magdalena Larsson,6113.37,2025-02-01,Piteå
Amina Lindfors,6688.9,2025-02-01,Umeå
Göran Jensen Eriksson,3214.85,2025-02-01,Skövde
Per Jansson-Jönsson,9368.49,2025-02-01,Nyköping
Margareta Ivarsson,13564.73,2025-02-01,Uppsala
Fredrik Löfgren,13441.19,2025-02-01,Södertälje
Helena Henriksson,14973.17,2025-02-01,Trelleborg
Henning Sandberg,563.13,2025-02-01,Karlskoga
Gabriel Axelsson,9986.09,2025-02-01,Kalmar
Joachim Bergman,4026.89,2025-02-01,Alingsås
Saga Persson,11412.41,2025-02-01,Malmö
Vera Sundin,13302.72,2025-02-01,Piteå
Kristin Martinsson,10651.29,2025-02-01,Lidköping
Ulla Larsson,5580.23,2025-02-01,Skövde
Adam Lundberg,14825.68,2025-02-01,Skellefteå
Krister Jensen,725.85,2025-02-01,Göteborg
Olov Ekstrand,13638.0,2025-02-01,Piteå
Ove Månsson,5017.74,2025-02-01,Sandviken
Ann-Marie Mohammad,7551.52,2025-02-01,Luleå
Tobias Brink,2205.59,2025-02-01,Växjö
Sofia Jansson,14452.59,2025-02-01,Östersund
Erik Andersson,1196.6,2025-02-01,Uppsala
Gunnel Svensson-Henriksson,3025.84,2025-02-01,Luleå
Alberto Samuelsson,2930.54,2025-02-01,Mölndal
Erik Mohammadi,3165.6,2025-02-01,Trelleborg
Krister Göransson,4116.71,2025-02-01,Stockholm
Lars Olsson,7961.11,2025-02-01,Karlstad
Lise-Lotte Johansson,14643.26,2025-02-01,Örnsköldsvik
Margareta Westman Hansson,12443.59,2025-02-01,Sandviken
Erika Carlsson,11651.78,2025-02-01,Borlänge
Per Ali,7157.43,2025-02-01,Varberg
Cecilia Sundqvist,12747.99,2025-02-01,Jönköping
Roger Högberg,5456.82,2025-02-01,Göteborg
Marianne Frid,1905.68,2025-02-01,Västerås
Jonas Nordin Nilsson,9952.48,2025-02-01,Malmö
Elsa Holm,5028.01,2025-02-01,Växjö
Adam Andersson,10379.09,2025-02-01,Göteborg
Lea Höglund,12548.72,2025-02-01,Växjö
Viola Åslund Wilhelmsson,7084.11,2025-02-01,Lidingö
Elsa Nilsson,4735.84,2025-02-01,Varberg
Maryam Ali,8888.18,2025-02-01,Linköping
Jenny Farah,2384.45,2025-02-01,Örebro
Elisabeth Frank Petersson,8987.89,2025-02-01,Mölndal
Klara Svensson,10395.58,2025-02-01,Uppsala
Sven Ahmed,12530.48,2025-02-01,Uppsala
Majvor Wikström,14197.79,2025-02-01,Umeå
Ole Pettersson,4082.02,2025-02-01,Jönköping
Ian Olofsson,14152.58,2025-02-01,Helsingborg
Bertil Andersson,2815.47,2025-02-01,Kalmar
Erik Olsson,4072.67,2025-02-01,Jönköping
Elisabet Granström,1343.53,2025-02-01,Malmö
Johan Pettersson,9623.41,2025-02-01,Uddevalla
Håkan Juhlin,12649.19,2025-02-01,Halmstad
Susanna Eriksson,10408.69,2025-02-01,Kalmar
Anette Svensson,6582.72,2025-02-01,Skellefteå
Åke Landström,14198.69,2025-02-01,Sundsvall
Ester Zhang,10188.35,2025-02-01,Halmstad
Ibrahim Erlandsson-Singh,11514.04,2025-02-01,Borås
Oscar Wallin Nilsson,5911.85,2025-02-01,Kalmar
Levi Green,2707.67,2025-02-01,Västerås
August Sandström,3632.09,2025-02-01,Östersund
Barbro Sjöström-Mårtensson,7237.3,2025-02-01,Helsingborg
Marie Vikström,8843.75,2025-02-01,Södertälje
Sebastian Skoglund,10222.05,2025-02-01,Nyköping
Mauritz Sjöström-Nordqvist,8414.07,2025-02-01,Helsingborg
Herbert Persson,1044.1,2025-02-01,Västerås
Robert Dahlberg,12173.65,2025-02-01,Lund
Magnus Ekstrand,11624.2,2025-02-01,Alingsås
Carl Johansson,7191.19,2025-02-01,Varberg
Karin Hellgren,5365.11,2025-02-01,Trelleborg
Matti Hammar,9681.42,2025-02-01,Lidköping
Nicolas Dahlgren-Gustavsson,7416.82,2025-02-01,Skövde
Michael Hagström,5139.39,2025-02-01,Sundsvall
Astrid Högberg,3759.49,2025-02-01,Luleå
Linnéa Helgesson,14961.86,2025-02-01,Landskrona
Kristina Persson,3321.94,2025-02-01,Lidingö
Joakim Törnqvist,1249.58,2025-02-01,Kalmar
Maria Svensson,13046.95,2025-02-01,Linköping
Michael Johansson,6925.81,2025-02-01,Göteborg
Kristoffer Palmqvist,6276.11,2025-02-01,Ängelholm
Gabriella Andersson,8163.02,2025-02-01,Skövde
Lars Singh,12978.89,2025-02-01,Göteborg
Stina Olofsson,901.98,2025-02-01,Sandviken
Tove Nilsson Persson,5022.83,2025-02-01,Lidköping
Ingemar Eklund Olsson,11520.88,2025-02-01,Borås
Karl Ahmed,4400.64,2025-02-01,Helsingborg
Carola Nilsson,8601.05,2025-02-01,Uddevalla
Marie Lilja,1953.99,2025-02-01,Växjö
Curt Ekström,4702.31,2025-02-01,Eskilstuna
Gabriella Olsson,2955.19,2025-02-01,Umeå
Leif Ljungqvist,2085.83,2025-02-01,Sundsvall
Mirjam Andersson,12160.83,2025-02-01,Eskilstuna
Alice Sandström,3750.1,2025-02-01,Skövde
Rebecka Svensson,12909.95,2025-02-01,Uddevalla
Emma Magnusson,6038.63,2025-02-01,Luleå
Sandra Eriksson,13222.83,2025-02-01,Lidköping
Julius Gustafsson,9993.17,2025-02-01,Norrköping
Osman Turesson,10919.24,2025-02-01,Malmö
Fredrik Olsson,4605.3,2025-02-01,Umeå
Elias Magnusson,1752.72,2025-02-01,Halmstad
Bertil Carlsson,14008.22,2025-02-01,Norrköping
Lars-Göran Haglund,10876.41,2025-02-01,Kalmar
Ragnar Boman,3238.72,2025-02-01,Sandviken
Robert Andersson,2489.88,2025-02-01,Jönköping
Karl Olsson,13216.09,2025-02-01,Karlskoga
Robin Carlberg,10856.93,2025-02-01,Växjö
Berit Eriksson,4011.02,2025-02-01,Norrköping
Isabelle Norgren,2158.66,2025-02-01,Lund
Loke Forsman,6035.77,2025-02-01,Sandviken
Samuel Salomonsson,10582.82,2025-02-01,Piteå
Barbara Dahlström,7441.71,2025-02-01,Karlskoga
Anna Eriksson Westberg,4308.01,2025-02-01,Gävle
Robin Olsson,2465.28,2025-02-01,Karlskoga
Anders Andersson Lindholm,11856.75,2025-02-01,Eskilstuna
John Nordberg,2808.77,2025-02-01,Sundsvall
Micael Karlsson,1782.01,2025-02-01,Karlstad
Viking Bengtsson,7996.74,2025-02-01,Skövde
Christer Eriksson,4132.02,2025-02-01,Ängelholm
Asta Fransson,13995.67,2025-02-01,Falun
Evert Abrahamsson,8606.02,2025-02-01,Karlskrona
Juan Nilsson,14302.01,2025-02-01,Karlskrona
Fredrik Ali,14467.59,2025-02-01,Växjö
Anders Osman,7928.02,2025-02-01,Halmstad
Maja Johansson,1140.07,2025-02-01,Mölndal
Emily Hallin,4153.23,2025-02-01,Uppsala
Thomas Gustavsson,9040.05,2025-02-01,Malmö
Magdalena Håkansson,5271.97,2025-02-01,Kristianstad
Allan Nilsson,13576.57,2025-02-01,Skövde
Margareta Jacobsson,8119.64,2025-02-01,Sundsvall
Eugen Gustafsson-Burman,2562.55,2025-02-01,Linköping
Alexis Hasan,8329.75,2025-02-01,Uddevalla
Gerda Carlberg,7589.74,2025-02-01,Södertälje
Victor Olofsson,6714.43,2025-02-01,Varberg
Mohamed Abdi,8324.64,2025-02-01,Västerås
Anette Persson,11405.46,2025-02-01,Alingsås
Mats Johansson,6937.21,2025-02-01,Jönköping
Nils Pedersen,4776.72,2025-02-01,Falun
Nina Olsson,1100.54,2025-02-01,Helsingborg
Henrik Andersson,11277.28,2025-02-01,Örnsköldsvik
Lennart Johannesson Johansson,2257.89,2025-02-01,Karlskrona
Viola Nilsson,1672.09,2025-02-01,Sundsvall
Martin Friberg,14728.26,2025-02-01,Örebro
Linnea Lundström,12814.58,2025-02-01,Kalmar
Alice Björkman,5179.62,2025-02-01,Luleå
Elsa Berg,3941.48,2025-02-01,Umeå
Ulla Månsson,7504.47,2025-02-01,Halmstad
Ibrahim Blomqvist,1355.82,2025-02-01,Ängelholm
Anders Lundberg,2479.84,2025-02-01,Uppsala
Martina Bengtsson,8701.93,2025-02-01,Karlstad
Agneta Eklund,11281.72,2025-02-01,Helsingborg
Olov Magnusson,9303.06,2025-02-01,Södertälje
Svante Lindqvist,4184.11,2025-02-01,Varberg
Viktor Forsell,6052.69,2025-02-01,Karlskoga
Majken Fors,9457.13,2025-02-01,Kristianstad
Michelle Olsson-Petersson,2551.08,2025-02-01,Karlskoga
Mona Carlsson,9254.81,2025-02-01,Lund
Peter Holmgren,8662.89,2025-02-01,Örebro
Anna Bohlin-Svensson,14882.59,2025-02-01,Lund
Gustaf Andersen,8845.55,2025-02-01,Karlskoga
Miranda Hansson Ahlgren,7672.3,2025-02-01,Motala
Isaac Wallgren,3820.04,2025-02-01,Skövde
Maria Henriksson-Simonsson,3559.46,2025-02-01,Kristianstad
Elsa Ljungberg,5164.84,2025-02-01,Trelleborg
Elisabeth Jörgensen,11305.1,2025-02-01,Östersund
Milo Larsson,4226.89,2025-02-01,Uddevalla
Christina Andersson,8842.01,2025-02-01,Lidköping
Victor Ahmadi,5908.5,2025-02-01,Ängelholm
Rune Svensson,7083.22,2025-02-01,Eskilstuna
Pernilla Svensson-Johansson,6383.81,2025-02-01,Stockholm
Per Johansen,12828.34,2025-02-01,Linköping
Rebecca Håkansson-Henriksson,3977.17,2025-02-01,Karlskoga
Niclas Mårtensson Karlsson,11275.22,2025-02-01,Umeå
Samuel Holmberg,1256.08,2025-02-01,Lund
Mikael Lindblad,14474.09,2025-02-01,Landskrona
Jonathan Ågren,6464.32,2025-02-01,Borås
Elin Gabrielsson,4374.26,2025-02-01,Landskrona
Leif Gustafsson,660.9,2025-02-01,Norrköping
Måns Sjöström,1951.26,2025-02-01,Örebro
Ragnar Granberg-Lundin,14851.97,2025-02-01,Sundsvall
Carina Moberg,13839.12,2025-02-01,Sundsvall
Valentin Andersson,4023.82,2025-02-01,Umeå
Ingegerd Karlsson,9336.5,2025-02-01,Norrköping
Hannele Englund,14511.48,2025-02-01,Skövde
Hans Ivarsson,10863.78,2025-02-01,Helsingborg
Nicole Carlsson,8625.01,2025-02-01,Skövde
Maria Sundqvist,13228.61,2025-02-01,Ängelholm
Josephine Almqvist,1407.79,2025-02-01,Malmö
Madeleine Svensson,3456.72,2025-02-01,Östersund
Irene Olofsson,2393.72,2025-02-01,Sundsvall
Edith Ali,14724.45,2025-02-01,Borlänge
Anders Andersson,2618.19,2025-02-01,Alingsås
Louise Carlsson,5691.15,2025-02-01,Kalmar
Anna Bergström-Strandberg,13648.75,2025-02-01,Helsingborg
Maria Oskarsson,3418.35,2025-02-01,Karlstad
Johan Lindell,13641.34,2025-02-01,Karlskoga
Jessica Johnson,5345.96,2025-02-01,Östersund
Magdalena Svensson,4275.65,2025-02-01,Gävle
Albert Fransson Forsberg,8475.52,2025-02-01,Falun
Olof Andersson,5101.52,2025-02-01,Skellefteå
Agneta Lindberg,5527.53,2025-02-01,Västerås
Margareta Svensson,882.29,2025-02-01,Växjö
Marina Landström,12556.57,2025-02-01,Halmstad
Veronica Jonsson-Petersson,10136.03,2025-02-01,Mölndal
Moa Olsson,5554.02,2025-02-01,Gävle
Viktor Lundgren,13092.05,2025-02-01,Varberg
Ingela Sandgren,12893.19,2025-02-01,Sundsvall
Signe Berglund,811.79,2025-02-01,Piteå
Leo Edström,6669.52,2025-02-01,Sandviken
Jerker Johansson-Johansson,9804.19,2025-02-01,Kalmar
Saga Bergdahl,1807.23,2025-02-01,Karlskoga
Arne Abdi,5301.64,2025-02-01,Västerås
Josef Haraldsson,3989.83,2025-02-01,Jönköping
Josefin Strand,14965.75,2025-02-01,Västerås
Astrid Samuelsson-Andersson,13151.47,2025-02-01,Lidköping
Kent Axelsson,12749.08,2025-02-01,Ängelholm
Elsa Hansson,5333.89,2025-02-01,Jönköping
Kristina Nordström,13384.36,2025-02-01,Gävle
Johan Lindblom,7670.28,2025-02-01,Lund
Elisabeth Johansson,4445.22,2025-02-01,Umeå
Hjördis Johansson,2101.84,2025-02-01,Lund
Fredrik Nilsson,3588.17,2025-02-01,Växjö
Hans Svensson,12154.83,2025-02-01,Kalmar
Pär Berg,13032.47,2025-02-01,Växjö
Joanna Kristoffersson Ahmad,6025.46,2025-02-01,Norrköping
Jon Adolfsson,12100.88,2025-02-01,Kristianstad
Lars Jansson,8398.7,2025-02-01,Örnsköldsvik
Elin Vilhelmsson,10584.46,2025-02-01,Karlskoga
Erik Lindén Magnusson,14197.83,2025-02-01,Trollhättan
Håkan Ek,12622.21,2025-02-01,Uddevalla
Veronica Eriksson,10089.33,2025-02-01,Sundsvall
Elisabeth Franzén Johannesson,6125.41,2025-02-01,Gävle
Erica Svensson,776.66,2025-02-01,Stockholm
Johanna Johansson Öberg,1432.88,2025-02-01,Falun
Anders Eriksson,11605.37,2025-02-01,Borlänge
Torgny Andersson,6020.62,2025-02-01,Karlskrona
Jenny Steen,1913.77,2025-02-01,Uppsala
Nora Sandell,5905.39,2025-02-01,Landskrona
Arne Malmqvist,5728.85,2025-02-01,Kalmar
Veronica Olsson,5656.35,2025-02-01,Stockholm
Åsa Lindblad,5947.39,2025-02-01,Örnsköldsvik
Klas Sandström,7649.1,2025-02-01,Trelleborg
Tyra Jonasson,10687.08,2025-02-01,Gävle
Ingvar Olsson,13432.53,2025-02-01,Trollhättan
Jan-Erik Andersson,13734.93,2025-02-01,Helsingborg
Marie Olsson,7017.65,2025-02-01,Luleå
Karl Pihl,5386.92,2025-02-01,Örnsköldsvik
Kenny Larsson Carlsson,12204.92,2025-02-01,Jönköping
Kristina Johansson,2790.03,2025-02-01,Norrköping
Ulf Fredriksson-Jönsson,1572.96,2025-02-01,Alingsås
Dennis Jansson,8402.65,2025-02-01,Östersund
Anna Lindblad,9182.37,2025-02-01,Karlstad
Erik Dahl,10937.34,2025-02-01,Örnsköldsvik
Anders Eriksson,12512.18,2025-02-01,Kristianstad
Monica Lindgren Haglund,3925.63,2025-02-01,Umeå
Linda Holmberg Höglund,9488.12,2025-02-01,Helsingborg
Åke Malm,7308.97,2025-02-01,Jönköping
Karl Samuelsson,3439.37,2025-02-01,Falun
Viola Ericsson,13994.76,2025-02-01,Södertälje
Viggo Bengtsson Pettersson,1035.16,2025-02-01,Halmstad
Elisabeth Andersson,2636.63,2025-02-01,Uddevalla
Christina Nilsson,8030.64,2025-02-01,Sundsvall
Bo Friberg Lindfors,9903.56,2025-02-01,Stockholm
Eivor Mattsson,14455.2,2025-02-01,Uddevalla
Bernhard Martinsson Gustafsson,13728.27,2025-02-01,Luleå
Märta Johansson Bergkvist,9921.55,2025-02-01,Lidköping
Eric Wallin,8863.24,2025-02-01,Falun
Anna Engström,4203.41,2025-02-01,Jönköping
Håkan Marklund,12471.27,2025-02-01,Mölndal
Emil Andersson Eriksson,9889.73,2025-02-01,Kristianstad
Henrietta Nilsson,6584.44,2025-02-01,Uppsala
Karl Widén,4557.36,2025-02-01,Borås
Eva Persson,3011.84,2025-02-01,Jönköping
Alexandra Sjögren,5513.79,2025-02-01,Östersund
Kenneth Mohamed,10453.9,2025-02-01,Lund
Birger Nilsson,14062.0,2025-02-01,Helsingborg
Marianne Carlsson,12374.85,2025-02-01,Västerås
Johan Ahmed-Mattsson,14113.46,2025-02-01,Örnsköldsvik
Joseph Nordström-Engström,5614.75,2025-02-01,Mölndal
Gun Bengtsson,6919.44,2025-02-01,Nyköping
Göran Rydberg,1086.84,2025-02-01,Umeå
Jan Bergqvist,10101.2,2025-02-01,Landskrona
Emil Aronsson,12153.71,2025-02-01,Alingsås
Patrik Dahlgren,2670.56,2025-02-01,Västerås
Gunilla Sundström,1517.93,2025-02-01,Skellefteå
Åke Berggren Strand,7463.83,2025-02-01,Östersund
Olof Bäckström,2768.25,2025-02-01,Umeå
Jenny Lundberg,9525.12,2025-02-01,Sandviken
Hugo Gustavsson-Andersson,10352.57,2025-02-01,Norrköping
Inger Ottosson,4760.19,2025-02-01,Motala
Lars Norgren-Eriksson,13821.91,2025-02-01,Falun
Helena Ahmed,8145.74,2025-02-01,Piteå
Cecilia Lindberg,7812.21,2025-02-01,Lidköping
Daniel Olsson,9490.08,2025-02-01,Motala
Victoria Jonasson,6825.8,2025-02-01,Falun
Alan Sjöberg,8867.13,2025-02-01,Uppsala
Ulf Nord,10554.85,2025-02-01,Falun
Birgitta Niklasson,2420.39,2025-02-01,Lund
Patricia Kristensson-Hedlund,4088.62,2025-02-01,Motala
Linnéa Åberg,6914.62,2025-02-01,Trollhättan
Benjamin Alfredsson,9723.28,2025-02-01,Kalmar
Sofie Fors,11331.42,2025-02-01,Karlstad
Johan Falk-Olsson,14112.65,2025-02-01,Mölndal
Oskar Jonsson,12163.8,2025-02-01,Varberg
Oscar Abrahamsson,2520.88,2025-02-01,Landskrona
Gunilla Olsson Osman,3026.15,2025-02-01,Lund
Isak Jansson,6694.56,2025-02-01,Karlstad
Anna Johnson Forsman,12525.14,2025-02-01,Helsingborg
Margareta Jeppsson,7065.31,2025-02-01,Falun
Linda Persson,7438.9,2025-02-01,Kalmar
Charlotta Persson,7430.21,2025-02-01,Eskilstuna
Catrin Pettersson,14642.43,2025-02-01,Sundsvall
Margareta Wang,10252.96,2025-02-01,Skellefteå
Linnéa Andersson,3849.25,2025-02-01,Norrköping
Alvin Larsson,12215.59,2025-02-01,Karlskoga
Colin Jonasson,2838.91,2025-02-01,Halmstad
Gun-Britt Jansson,6733.93,2025-02-01,Karlskoga
Georg Hultgren,2117.87,2025-02-01,Trelleborg
Alexander Lindblom,2285.79,2025-02-01,Piteå
Britt Torstensson,4116.93,2025-02-01,Luleå
Viktor Sjöberg,2495.88,2025-02-01,Skövde
Maj Hermansson,5392.04,2025-02-01,Skellefteå
Birgitta Olsson,1461.9,2025-02-01,Mölndal
Maria Nyström,5047.84,2025-02-01,Östersund
Nils Eriksson,13146.1,2025-02-01,Södertälje
Ruth Nilsson,4848.95,2025-02-01,Stockholm
Ragnar Lindberg,7314.74,2025-02-01,Västerås
Roger Björkman,7341.86,2025-02-01,Trollhättan
Hugo Nordström,3831.65,2025-02-01,Eskilstuna
Hanna Lind Andersson,11352.7,2025-02-01,Halmstad
Elsy Nyman,12954.84,2025-02-01,Eskilstuna
Birgitta Lindström,6964.43,2025-02-01,Lidingö
Margareta Eriksson,12163.97,2025-02-01,Östersund
Monica Björklund-Boström,4694.71,2025-02-01,Lidköping
Linnea Karlström,9420.47,2025-02-01,Skellefteå
Olof Söderlund,8979.29,2025-02-01,Malmö
Birgitta Jeppsson,8991.76,2025-02-01,Borlänge
Ester Nyberg,4224.88,2025-02-01,Örebro
Iris Jakobsson,14839.39,2025-02-01,Göteborg
Margareta Persson,10813.23,2025-02-01,Borlänge
Isabelle Dahlberg,12986.26,2025-02-01,Sundsvall
Maria Lindberg,8546.05,2025-02-01,Stockholm
Maria Emanuelsson,13668.82,2025-02-01,Växjö
Sven Karlsson,3566.94,2025-02-01,Mölndal
Malin Johansson,10364.63,2025-02-01,Jönköping
Maria Persson,9098.33,2025-02-01,Växjö
Johan Lundquist,5693.69,2025-02-01,Halmstad
Nora Gustafsson,14570.24,2025-02-01,Falun
Vincent Petersson,8223.53,2025-02-01,Motala
Bertil Persson,6825.7,2025-02-01,Skellefteå
Bo Bergqvist,14139.8,2025-02-01,Trelleborg
Elliot Stark-Bengtsson,2541.22,2025-02-01,Västerås
Viola Magnusson,14435.22,2025-02-01,Jönköping
Thea Lindberg-Andersson,8072.75,2025-02-01,Södertälje
Elisabeth Brolin,11337.13,2025-02-01,Falun
Ralph Vilhelmsson,8681.51,2025-02-01,Varberg
Helena Nyström,11830.49,2025-02-01,Växjö
Ulla Wiberg,1986.66,2025-02-01,Kristianstad
Anna Jacobsson,14334.45,2025-02-01,Sundsvall
Jenny Nilsson,7287.34,2025-02-01,Lidköping
Mats Håkansson,916.71,2025-02-01,Växjö
Sten Svensson,14978.95,2025-02-01,Ängelholm
Josefine Fransson,4415.11,2025-02-01,Södertälje
Kenneth Lundqvist-Magnusson,13648.18,2025-02-01,Lidingö
Birgitta Mustafa,14576.82,2025-02-01,Södertälje
Maria Hellström-Folkesson,10849.2,2025-02-01,Skövde
Angelica Nilsson,4303.14,2025-02-01,Uddevalla
Daniel Nilsson,10139.49,2025-02-01,Helsingborg
Emma Issa,4346.8,2025-02-01,Mölndal
Jonathan Andersson,7009.4,2025-02-01,Kristianstad
Clara Karlsson,1911.49,2025-02-01,Östersund
Pontus Rehn,893.28,2025-02-01,Skövde
Oskar Hansson-Persson,3238.94,2025-02-01,Halmstad
Birgitta Ekberg,13677.07,2025-02-01,Skellefteå
Marina Henriksson,14993.23,2025-02-01,Varberg
Jan Jarl,14499.57,2025-02-01,Norrköping
Sigvard Eriksson,8873.08,2025-02-01,Linköping
Matilda Nilsson,14186.98,2025-02-01,Varberg
Erik Abbas,4852.37,2025-02-01,Skövde
Ulla Olsson,4122.71,2025-02-01,Eskilstuna
Ibrahim Möller-Strömberg,10474.1,2025-02-01,Lidköping
Karolina Lindén,13463.63,2025-02-01,Uddevalla
Malin Olofsson,13482.57,2025-02-01,Helsingborg
Engla Josefsson-Bäckström,4270.72,2025-02-01,Lidköping
Ann-Sofie Johansson,12042.77,2025-02-01,Mölndal
Herbert Åkesson,11556.55,2025-02-01,Sandviken
Joakim Johansson,11026.84,2025-02-01,Trollhättan
Maria Olsson,4107.29,2025-02-01,Piteå
Linda Nilsson-Svärd,5527.47,2025-02-01,Norrköping
Karl Holmberg,2359.98,2025-02-01,Södertälje
Olov Bäck,6511.78,2025-02-01,Östersund
Margareta Brolin,11806.28,2025-02-01,Gävle
Mikael Osman,5327.01,2025-02-01,Trelleborg
Nicklas Pettersson,8340.6,2025-02-01,Luleå
Ali Karlsson,13421.16,2025-02-01,Jönköping
Eric Mårtensson-Byström,12699.59,2025-02-01,Jönköping
Carl Frid,10023.78,2025-02-01,Norrköping
Gun Olsson,11554.07,2025-02-01,Göteborg
Elisabeth Lindblad,2969.96,2025-02-01,Örebro
Erik Karlsson,8353.3,2025-02-01,Helsingborg
Siv Abrahamsson,12021.31,2025-02-01,Trollhättan
Marianne Lundin,10229.1,2025-02-01,Alingsås
Margaretha Skoog,11891.86,2025-02-01,Uppsala
William Nilsson,1095.96,2025-02-01,Borås
Ingegerd Almgren-Lindström,5582.78,2025-02-01,Mölndal
Karl Lundgren,5983.51,2025-02-01,Lund
Maria Karlsson Möller,9425.46,2025-02-01,Piteå
Helen Larsson,14224.18,2025-02-01,Stockholm
Isaac Hultgren,10316.56,2025-02-01,Lund
Maria Svensson,12602.68,2025-02-01,Lund
Henrik Sandström,4555.58,2025-02-01,Jönköping
Karolina Rehn-Strandberg,10656.35,2025-02-01,Södertälje
Jonny Fransson-Hjalmarsson,2390.77,2025-02-01,Mölndal
Arne Persson,2996.05,2025-02-01,Landskrona
Jonas Jonsson,10219.48,2025-02-01,Sundsvall
Anna Wiklund-Svensson,14920.43,2025-02-01,Lidingö
Adrian Holst,5339.44,2025-02-01,Umeå
Conny Forsberg-Sjöström,6427.25,2025-02-01,Gävle
Sofia Johansson,8137.49,2025-02-01,Norrköping
Ana Isaksson Hellberg,7046.27,2025-02-01,Umeå
Gunnar Kristiansson,4613.94,2025-02-01,Luleå
Ester Viklund,12339.83,2025-02-01,Lund
Johanna Lundkvist,5312.97,2025-02-01,Norrköping
Elin Stark Andersson,5145.8,2025-02-01,Skellefteå
Tomas Nguyen-Svensson,11554.71,2025-02-01,Alingsås
Lars Andersson,1887.91,2025-02-01,Norrköping
Miranda Petersson,2080.03,2025-02-01,Västerås
Anders Johansson,10947.98,2025-02-01,Skövde
André Karlsson,11588.87,2025-02-01,Södertälje
Peter Andersson Karlsson,9264.72,2025-02-01,Uddevalla
Magnus Jonasson,3058.64,2025-02-01,Östersund
Ulf Eriksson,9177.79,2025-02-01,Varberg
Petra Nilsson,5943.48,2025-02-01,Ängelholm
Daniel Larsson-Olsen,3939.0,2025-02-01,Varberg
Nils Andersson,10343.31,2025-02-01,Trelleborg
Stefan Svensson,5632.83,2025-02-01,Växjö
Olof Hosseini Andersson,4447.42,2025-02-01,Lund
Margareta Sjöholm,10944.23,2025-02-01,Landskrona
Anna-Lena Karlsson,2226.53,2025-02-01,Falun
Heléne Olsson,12173.43,2025-02-01,Norrköping
Junior Edman,12998.63,2025-02-01,Karlskoga
Alicia Karlsson,8695.47,2025-02-01,Växjö
Charlotta Ibrahim,4547.17,2025-02-01,Piteå
Kristoffer Johansen,11934.02,2025-02-01,Norrköping
Madelene Eliasson Lindqvist,7078.83,2025-02-01,Helsingborg
Marie Lindgren,2161.61,2025-02-01,Västerås
Maria Edlund-Johansson,4011.46,2025-02-01,Sandviken
Åke Nilsson,13799.65,2025-02-01,Varberg
Daniel Larsson,11646.24,2025-02-01,Örebro
Charlotta Erlandsson,8062.42,2025-02-01,Skövde
Filip Borg,9097.95,2025-02-01,Trelleborg
Peter Ibrahim-Sjöström,1910.23,2025-02-01,Linköping
Jesper Nilsson,4760.39,2025-02-01,Uddevalla
Aina Bergman,12615.29,2025-02-01,Lidingö
Johanna Boman,7270.13,2025-02-01,Östersund
Ingrid Sandin Norberg,1811.08,2025-02-01,Göteborg
Gunnar Lövgren-Andersson,1698.79,2025-02-01,Örebro
Ida Bohman Andersson,5424.24,2025-02-01,Piteå
Maria Hedlund,11889.74,2025-02-01,Trelleborg
Oliver Eriksson,3887.53,2025-02-01,Göteborg
Anna Nylander Nilsson,10683.25,2025-02-01,Västerås
Ingrid Göransson,8459.87,2025-02-01,Linköping
Nicole Norberg,5589.4,2025-02-01,Växjö
Michael Larsson,13112.64,2025-02-01,Umeå
Roy Hermansson,6486.38,2025-02-01,Umeå
Ludvig Falk Boman,4261.46,2025-02-01,Örebro
Stig Olsson,9176.4,2025-02-01,Jönköping
Ulf Öhman,3359.67,2025-02-01,Ängelholm
Erik Andersson,9021.03,2025-02-01,Malmö
Helen Nordin,14070.22,2025-02-01,Lidingö
Sven Rosén-Ahmed,12900.4,2025-02-01,Östersund
Ann-Christin Hussein Folkesson,10386.24,2025-02-01,Falun
Gun-Britt Bergqvist,10935.41,2025-02-01,Alingsås
Gabriel Norlin,9642.46,2025-02-01,Lund
Björn Jonsson,8279.87,2025-02-01,Uddevalla
Alf Lundholm-Strandberg,8476.89,2025-02-01,Gävle
Margit Nilsson,1604.55,2025-02-01,Varberg
Lars Money-Mover,9950.0,2025-02-01,Stockholm
Lars Money-Mover,9950.0,2025-02-01,Stockholm
Lars Money-Mover,9950.0,2025-02-01,Stockholm
Lars Money-Mover,9950.0,2025-02-01,Stockholm
Lars Money-Mover,9950.0,2025-02-01,Stockholm
Lars Money-Mover,9950.0,2025-02-01,Stockholm
